Origin	Destination
Adelaide	Los Angeles	
Ahmedabad	Atlanta	
Ahmedabad	Chicago	
Ahmedabad	Dallas	
Ahmedabad	Houston	
Ahmedabad	Los Angeles	
Ahmedabad	San Francisco	
Ahmedabad	Washington, D.C.	
Amman	Boston	
Amman	Chicago	
Amman	Denver	
Amman	Detroit	
Amman	Fort Lauderdale	
Amman	Houston	
Amman	Las Vegas	
Amman	Los Angeles	
Amman	Orlando	
Amman	San Francisco	
Amman	Tampa	
Amman	Washington, D.C.	
Armenia	Aguadilla	
Armenia	Atlanta	
Armenia	Atlantic City	
Armenia	Austin	
Armenia	Baltimore, MD / Washington DC AREA	
Armenia	Boston	
Armenia	Burbank	
Armenia	Charlotte	
Armenia	Chicago	
Armenia	Cleveland	
Armenia	Columbus	
Armenia	Dallas	
Armenia	Detroit	
Armenia	Hartford	
Armenia	Houston	
Armenia	Indianapolis	
Armenia	Kansas City	
Armenia	Las Vegas	
Armenia	Los Angeles	
Armenia	Louisville	
Armenia	Miami	
Armenia	Minneapolis	
Armenia	Myrtle Beach	
Armenia	Nashville	
Armenia	New Orleans	
Armenia	New York	
Armenia	Orlando	
Armenia	Philadelphia	
Armenia	Phoenix	
Armenia	Pittsburgh	
Armenia	Sacramento	
Armenia	Saint Louis	
Armenia	San Diego	
Armenia	San Juan	
Armenia	Tampa	
Armenia	West Palm Beach	
Auckland	Aspen	
Auckland	Atlanta	
Auckland	Austin	
Auckland	Baltimore	
Auckland	Billings	
Auckland	Boise	
Auckland	Boston	
Auckland	Bozeman	
Auckland	Buffalo	
Auckland	Charlotte	
Auckland	Chicago	
Auckland	Cincinnati	
Auckland	Cleveland	
Auckland	Colorado Springs	
Auckland	Columbus	
Auckland	Dallas	
Auckland	Denver	
Auckland	Des Moines	
Auckland	Detroit	
Auckland	Eugene	
Auckland	Fort Collins	
Auckland	Fort Lauderdale	
Auckland	Fort Myers	
Auckland	Grand Rapids	
Auckland	Great Falls	
Auckland	Green Bay	
Auckland	Gunnison	
Auckland	Hartford	
Auckland	Helena	
Auckland	Honolulu	
Auckland	Houston	
Auckland	Idaho Falls	
Auckland	Indianapolis	
Auckland	Jackson	
Auckland	Kalispell	
Auckland	Kansas City	
Auckland	Las Vegas	
Auckland	Lincoln	
Auckland	Los Angeles	
Auckland	Miami	
Auckland	Milwaukee	
Auckland	Minneapolis	
Auckland	Missoula	
Auckland	Montrose	
Auckland	Nashville	
Auckland	New Orleans	
Auckland	Norfolk	
Auckland	Oklahoma City	
Auckland	Omaha	
Auckland	Orlando	
Auckland	Philadelphia	
Auckland	Phoenix	
Auckland	Pittsburgh	
Auckland	Raleigh	
Auckland	Redmond	
Auckland	Rochester	
Auckland	Sacramento	
Auckland	Saint Louis	
Auckland	Salt Lake City	
Auckland	San Diego	
Auckland	San Francisco	
Auckland	San Jose	
Auckland	Seattle	
Auckland	Spokane	
Auckland	Steamboat Springs	
Auckland	Sun Valley	
Auckland	Tampa	
Auckland	Vail	
Auckland	Washington, D.C.	
Ayers Rock	Houston	
Ayers Rock	Los Angeles	
Ayers Rock	San Francisco	
Ayers Rock	Seattle	
Bangalore	San Francisco	
Bangalore	Seattle	
Bangkok	Agana, Guam	
Bangkok	Akron	
Bangkok	Albuquerque	
Bangkok	Amarillo	
Bangkok	Aspen	
Bangkok	Atlanta	
Bangkok	Austin	
Bangkok	Baltimore	
Bangkok	Billings	
Bangkok	Boise	
Bangkok	Boston	
Bangkok	Bozeman	
Bangkok	Cedar Rapids	
Bangkok	Charleston	
Bangkok	Charlotte	
Bangkok	Chicago	
Bangkok	Cincinnati	
Bangkok	Cleveland	
Bangkok	Columbus	
Bangkok	Dallas	
Bangkok	Dayton	
Bangkok	Denver	
Bangkok	Des Moines	
Bangkok	Detroit	
Bangkok	Erie	
Bangkok	Eugene	
Bangkok	Fort Lauderdale	
Bangkok	Fort Myers	
Bangkok	Ft Wayne	
Bangkok	Grand Junction	
Bangkok	Greensboro	
Bangkok	Harrisburg	
Bangkok	Hartford	
Bangkok	Honolulu	
Bangkok	Houston	
Bangkok	Indianapolis	
Bangkok	Jacksonville	
Bangkok	Kansas City	
Bangkok	Knoxville	
Bangkok	Las Vegas	
Bangkok	Lincoln	
Bangkok	Los Angeles	
Bangkok	Louisville	
Bangkok	Medford	
Bangkok	Miami	
Bangkok	Midland	
Bangkok	Milwaukee	
Bangkok	Minneapolis	
Bangkok	Missoula	
Bangkok	Nashville	
Bangkok	New Orleans	
Bangkok	Norfolk	
Bangkok	Oklahoma City	
Bangkok	Omaha	
Bangkok	Orlando	
Bangkok	Pasco	
Bangkok	Pensacola	
Bangkok	Philadelphia	
Bangkok	Phoenix	
Bangkok	Pittsburgh	
Bangkok	Providence	
Bangkok	Raleigh	
Bangkok	Redding	
Bangkok	Redmond	
Bangkok	Reno	
Bangkok	Roanoke	
Bangkok	Sacramento	
Bangkok	Saint Louis	
Bangkok	Salt Lake City	
Bangkok	San Antonio	
Bangkok	San Diego	
Bangkok	San Francisco	
Bangkok	San Jose	
Bangkok	Seattle	
Bangkok	Tampa	
Bangkok	Tucson	
Bangkok	Washington, D.C.	
Bangkok	West Palm Beach	
Bangkok	Wichita	
Barranquilla	Aguadilla	
Barranquilla	Atlanta	
Barranquilla	Atlantic City	
Barranquilla	Austin	
Barranquilla	Baltimore, MD / Washington DC AREA	
Barranquilla	Boston	
Barranquilla	Burbank	
Barranquilla	Charlotte	
Barranquilla	Chicago	
Barranquilla	Cleveland	
Barranquilla	Columbus	
Barranquilla	Dallas	
Barranquilla	Detroit	
Barranquilla	Hartford	
Barranquilla	Houston	
Barranquilla	Indianapolis	
Barranquilla	Kansas City	
Barranquilla	Las Vegas	
Barranquilla	Los Angeles	
Barranquilla	Louisville	
Barranquilla	Miami	
Barranquilla	Minneapolis	
Barranquilla	Myrtle Beach	
Barranquilla	Nashville	
Barranquilla	New Orleans	
Barranquilla	New York	
Barranquilla	Orlando	
Barranquilla	Philadelphia	
Barranquilla	Phoenix	
Barranquilla	Pittsburgh	
Barranquilla	Raleigh	
Barranquilla	Richmond	
Barranquilla	Saint Louis	
Barranquilla	Tampa	
Beijing	Agana, Guam	
Beijing	Albany	
Beijing	Albuquerque	
Beijing	Anchorage	
Beijing	Aspen	
Beijing	Atlanta	
Beijing	Austin	
Beijing	Baltimore	
Beijing	Baton Rouge	
Beijing	Billings	
Beijing	Boise	
Beijing	Boston	
Beijing	Bozeman	
Beijing	Buffalo	
Beijing	Cedar Rapids	
Beijing	Charlotte	
Beijing	Chicago	
Beijing	Cincinnati	
Beijing	Cleveland	
Beijing	Columbia	
Beijing	Columbus	
Beijing	Corpus Christi	
Beijing	Dallas	
Beijing	Dayton	
Beijing	Denver	
Beijing	Des Moines	
Beijing	Detroit	
Beijing	Erie	
Beijing	Eugene	
Beijing	Fort Collins	
Beijing	Fort Lauderdale	
Beijing	Fort Myers	
Beijing	Grand Rapids	
Beijing	Great Falls	
Beijing	Greensboro	
Beijing	Greenville	
Beijing	Gunnison	
Beijing	Harrisburg	
Beijing	Hartford	
Beijing	Helena	
Beijing	Honolulu	
Beijing	Houston	
Beijing	Idaho Falls	
Beijing	Indianapolis	
Beijing	Jackson	
Beijing	Kalispell	
Beijing	Kansas City	
Beijing	Knoxville	
Beijing	Las Vegas	
Beijing	Lexington	
Beijing	Lincoln	
Beijing	Los Angeles	
Beijing	Louisville	
Beijing	Madison	
Beijing	Miami	
Beijing	Milwaukee	
Beijing	Minneapolis	
Beijing	Missoula	
Beijing	Montrose	
Beijing	Nashville	
Beijing	New Orleans	
Beijing	Norfolk	
Beijing	Oklahoma City	
Beijing	Omaha	
Beijing	Orlando	
Beijing	Palm Springs	
Beijing	Panama City	
Beijing	Philadelphia	
Beijing	Phoenix	
Beijing	Pittsburgh	
Beijing	Providence	
Beijing	Raleigh	
Beijing	Richmond	
Beijing	Roanoke	
Beijing	Rochester	
Beijing	Sacramento	
Beijing	Saint Louis	
Beijing	Salt Lake City	
Beijing	San Antonio	
Beijing	San Diego	
Beijing	San Francisco	
Beijing	San Jose	
Beijing	San Juan	
Beijing	Santa Barbara	
Beijing	Seattle	
Beijing	Sioux Falls	
Beijing	Spokane	
Beijing	Springfield	
Beijing	State College	
Beijing	Steamboat Springs	
Beijing	Sun Valley	
Beijing	Tampa	
Beijing	Tucson	
Beijing	Vail	
Beijing	Washington, D.C.	
Beijing	West Palm Beach	
Beijing	Wichita	
Bogota	Aguadilla	
Bogota	Akron	
Bogota	Albuquerque	
Bogota	Atlanta	
Bogota	Atlantic City	
Bogota	Austin	
Bogota	Baltimore	
Bogota	Baltimore, MD / Washington DC AREA	
Bogota	Boise	
Bogota	Boston	
Bogota	Buffalo	
Bogota	Burbank	
Bogota	Charlotte	
Bogota	Chicago	
Bogota	Cincinnati	
Bogota	Cleveland	
Bogota	Colorado Springs	
Bogota	Columbus	
Bogota	Dallas	
Bogota	Denver	
Bogota	Detroit	
Bogota	El Paso	
Bogota	Fayetteville	
Bogota	Fort Lauderdale	
Bogota	Fresno	
Bogota	Hartford	
Bogota	Honolulu	
Bogota	Houston	
Bogota	Idaho Falls	
Bogota	Indianapolis	
Bogota	Kansas City	
Bogota	Las Vegas	
Bogota	Los Angeles	
Bogota	Louisville	
Bogota	Miami	
Bogota	Milwaukee	
Bogota	Minneapolis	
Bogota	Myrtle Beach	
Bogota	Nashville	
Bogota	New Orleans	
Bogota	New York	
Bogota	Oklahoma City	
Bogota	Omaha	
Bogota	Orlando	
Bogota	Panama City	
Bogota	Philadelphia	
Bogota	Phoenix	
Bogota	Pittsburgh	
Bogota	Ponce	
Bogota	Raleigh	
Bogota	Redmond	
Bogota	Rochester	
Bogota	Sacramento	
Bogota	Saint Louis	
Bogota	Salt Lake City	
Bogota	San Antonio	
Bogota	San Diego	
Bogota	San Francisco	
Bogota	San Jose	
Bogota	San Juan	
Bogota	Seattle	
Bogota	Tampa	
Bogota	Torreon	
Bogota	Tulsa	
Bogota	Washington, D.C.	
Bogota	West Palm Beach	
Brisbane	Atlanta	
Brisbane	Austin	
Brisbane	Baltimore	
Brisbane	Boston	
Brisbane	Charlotte	
Brisbane	Chicago	
Brisbane	Cincinnati	
Brisbane	Cleveland	
Brisbane	Columbus	
Brisbane	Dallas	
Brisbane	Denver	
Brisbane	Fort Lauderdale	
Brisbane	Fort Myers	
Brisbane	Hartford	
Brisbane	Honolulu	
Brisbane	Houston	
Brisbane	Indianapolis	
Brisbane	Kansas City	
Brisbane	Las Vegas	
Brisbane	Los Angeles	
Brisbane	Miami	
Brisbane	Nashville	
Brisbane	New Orleans	
Brisbane	Oklahoma City	
Brisbane	Omaha	
Brisbane	Orlando	
Brisbane	Philadelphia	
Brisbane	Pittsburgh	
Brisbane	Raleigh	
Brisbane	Sacramento	
Brisbane	Saint Louis	
Brisbane	Salt Lake City	
Brisbane	San Antonio	
Brisbane	San Diego	
Brisbane	San Francisco	
Brisbane	San Jose	
Brisbane	Seattle	
Brisbane	Tampa	
Brisbane	Washington, D.C.	
Bucaramanga	Aguadilla	
Bucaramanga	Atlanta	
Bucaramanga	Atlantic City	
Bucaramanga	Austin	
Bucaramanga	Baltimore, MD / Washington DC AREA	
Bucaramanga	Boston	
Bucaramanga	Charlotte	
Bucaramanga	Chicago	
Bucaramanga	Cleveland	
Bucaramanga	Columbus	
Bucaramanga	Dallas	
Bucaramanga	Detroit	
Bucaramanga	Fort Myers	
Bucaramanga	Hartford	
Bucaramanga	Houston	
Bucaramanga	Kansas City	
Bucaramanga	Las Vegas	
Bucaramanga	Los Angeles	
Bucaramanga	Miami	
Bucaramanga	Minneapolis	
Bucaramanga	Myrtle Beach	
Bucaramanga	Nashville	
Bucaramanga	New Orleans	
Bucaramanga	New York	
Bucaramanga	Orlando	
Bucaramanga	Pensacola	
Bucaramanga	Philadelphia	
Bucaramanga	Pittsburgh	
Bucaramanga	Raleigh	
Bucaramanga	Saint Louis	
Bucaramanga	San Juan	
Bucaramanga	Tampa	
Buenos Aires	Albuquerque	
Buenos Aires	Aspen	
Buenos Aires	Atlanta	
Buenos Aires	Austin	
Buenos Aires	Baltimore	
Buenos Aires	Boise	
Buenos Aires	Boston	
Buenos Aires	Burbank	
Buenos Aires	Burlington	
Buenos Aires	Charlotte	
Buenos Aires	Chicago	
Buenos Aires	Cincinnati	
Buenos Aires	Cleveland	
Buenos Aires	Columbus	
Buenos Aires	Dallas	
Buenos Aires	Denver	
Buenos Aires	Detroit	
Buenos Aires	Eugene	
Buenos Aires	Fort Lauderdale	
Buenos Aires	Fort Myers	
Buenos Aires	Hartford	
Buenos Aires	Honolulu	
Buenos Aires	Houston	
Buenos Aires	Huntsville	
Buenos Aires	Indianapolis	
Buenos Aires	Kansas City	
Buenos Aires	Las Vegas	
Buenos Aires	Los Angeles	
Buenos Aires	Memphis	
Buenos Aires	Miami	
Buenos Aires	Milwaukee	
Buenos Aires	Minneapolis	
Buenos Aires	Nashville	
Buenos Aires	New Orleans	
Buenos Aires	New York	
Buenos Aires	Oklahoma City	
Buenos Aires	Omaha	
Buenos Aires	Orlando	
Buenos Aires	Panama City	
Buenos Aires	Pasco	
Buenos Aires	Philadelphia	
Buenos Aires	Phoenix	
Buenos Aires	Pittsburgh	
Buenos Aires	Raleigh	
Buenos Aires	Sacramento	
Buenos Aires	Saint Louis	
Buenos Aires	Salt Lake City	
Buenos Aires	San Antonio	
Buenos Aires	San Diego	
Buenos Aires	San Francisco	
Buenos Aires	San Jose	
Buenos Aires	San Juan	
Buenos Aires	San Luis Obispo	
Buenos Aires	Seattle	
Buenos Aires	Tampa	
Buenos Aires	Washington, D.C.	
Buenos Aires	West Palm Beach	
Cali	Aguadilla	
Cali	Atlanta	
Cali	Atlantic City	
Cali	Austin	
Cali	Baltimore, MD / Washington DC AREA	
Cali	Boston	
Cali	Burbank	
Cali	Charlotte	
Cali	Chicago	
Cali	Cleveland	
Cali	Columbus	
Cali	Dallas	
Cali	Detroit	
Cali	Hartford	
Cali	Houston	
Cali	Indianapolis	
Cali	Kansas City	
Cali	Las Vegas	
Cali	Los Angeles	
Cali	Louisville	
Cali	Miami	
Cali	Minneapolis	
Cali	Myrtle Beach	
Cali	Nashville	
Cali	New Orleans	
Cali	New York	
Cali	Orlando	
Cali	Philadelphia	
Cali	Pittsburgh	
Cali	Raleigh	
Cali	Sacramento	
Cali	Saint Louis	
Cali	San Diego	
Cali	Seattle	
Cali	Tampa	
Cali	West Palm Beach	
Cartagena	Aguadilla	
Cartagena	Atlanta	
Cartagena	Atlantic City	
Cartagena	Austin	
Cartagena	Baltimore	
Cartagena	Baltimore, MD / Washington DC AREA	
Cartagena	Boston	
Cartagena	Burbank	
Cartagena	Charlotte	
Cartagena	Chicago	
Cartagena	Cleveland	
Cartagena	Columbus	
Cartagena	Dallas	
Cartagena	Denver	
Cartagena	Detroit	
Cartagena	Fort Lauderdale	
Cartagena	Hartford	
Cartagena	Honolulu	
Cartagena	Houston	
Cartagena	Indianapolis	
Cartagena	Kansas City	
Cartagena	Las Vegas	
Cartagena	Los Angeles	
Cartagena	Louisville	
Cartagena	Memphis	
Cartagena	Miami	
Cartagena	Minneapolis	
Cartagena	Myrtle Beach	
Cartagena	Nashville	
Cartagena	New Orleans	
Cartagena	New York	
Cartagena	Orlando	
Cartagena	Pensacola	
Cartagena	Philadelphia	
Cartagena	Phoenix	
Cartagena	Pittsburgh	
Cartagena	Ponce	
Cartagena	Raleigh	
Cartagena	Richmond	
Cartagena	Sacramento	
Cartagena	Saint Louis	
Cartagena	San Antonio	
Cartagena	San Diego	
Cartagena	San Francisco	
Cartagena	San Juan	
Cartagena	Seattle	
Cartagena	Tampa	
Cartagena	Washington, D.C.	
Chengdu	Aspen	
Chengdu	Atlanta	
Chengdu	Austin	
Chengdu	Baltimore	
Chengdu	Billings	
Chengdu	Boise	
Chengdu	Boston	
Chengdu	Bozeman	
Chengdu	Buffalo	
Chengdu	Charlotte	
Chengdu	Chicago	
Chengdu	Cincinnati	
Chengdu	Cleveland	
Chengdu	Columbus	
Chengdu	Dallas	
Chengdu	Denver	
Chengdu	Des Moines	
Chengdu	Eugene	
Chengdu	Fort Collins	
Chengdu	Fort Lauderdale	
Chengdu	Fort Myers	
Chengdu	Great Falls	
Chengdu	Greensboro	
Chengdu	Gunnison	
Chengdu	Helena	
Chengdu	Honolulu	
Chengdu	Houston	
Chengdu	Idaho Falls	
Chengdu	Indianapolis	
Chengdu	Jackson	
Chengdu	Kalispell	
Chengdu	Kansas City	
Chengdu	Las Vegas	
Chengdu	Los Angeles	
Chengdu	Miami	
Chengdu	Milwaukee	
Chengdu	Minneapolis	
Chengdu	Missoula	
Chengdu	Montrose	
Chengdu	New Orleans	
Chengdu	Oklahoma City	
Chengdu	Orlando	
Chengdu	Philadelphia	
Chengdu	Phoenix	
Chengdu	Raleigh	
Chengdu	Redding	
Chengdu	Richmond	
Chengdu	Roanoke	
Chengdu	Saint Louis	
Chengdu	San Antonio	
Chengdu	San Diego	
Chengdu	San Francisco	
Chengdu	San Jose	
Chengdu	Seattle	
Chengdu	Spokane	
Chengdu	Steamboat Springs	
Chengdu	Sun Valley	
Chengdu	Tampa	
Chengdu	Tulsa	
Chengdu	Vail	
Chengdu	Washington, D.C.	
Chengdu	West Palm Beach	
Chennai	Atlanta	
Chennai	Austin	
Chennai	Boston	
Chennai	Charlotte	
Chennai	Chicago	
Chennai	Cincinnati	
Chennai	Cleveland	
Chennai	Columbus	
Chennai	Dallas	
Chennai	Denver	
Chennai	Detroit	
Chennai	Fort Lauderdale	
Chennai	Fort Myers	
Chennai	Houston	
Chennai	Indianapolis	
Chennai	Los Angeles	
Chennai	Miami	
Chennai	Milwaukee	
Chennai	Minneapolis	
Chennai	Nashville	
Chennai	New Orleans	
Chennai	Oklahoma City	
Chennai	Omaha	
Chennai	Orlando	
Chennai	Philadelphia	
Chennai	Phoenix	
Chennai	Pittsburgh	
Chennai	Raleigh	
Chennai	Sacramento	
Chennai	Saint Louis	
Chennai	San Antonio	
Chennai	San Diego	
Chennai	San Francisco	
Chennai	San Jose	
Chennai	Seattle	
Chennai	Tampa	
Chennai	Washington, D.C.	
Christchurch	Chicago	
Christchurch	Denver	
Christchurch	Houston	
Christchurch	Los Angeles	
Christchurch	San Francisco	
Chuuk	Agana, Guam	
Chuuk	Honolulu	
Chuuk	Miami	
Chuuk	Minneapolis	
Chuuk	San Francisco	
Delhi	Agana, Guam	
Delhi	Albany	
Delhi	Aspen	
Delhi	Atlanta	
Delhi	Austin	
Delhi	Baltimore	
Delhi	Billings	
Delhi	Boise	
Delhi	Boston	
Delhi	Bozeman	
Delhi	Buffalo	
Delhi	Charlotte	
Delhi	Chicago	
Delhi	Cincinnati	
Delhi	Cleveland	
Delhi	Columbus	
Delhi	Dallas	
Delhi	Dayton	
Delhi	Denver	
Delhi	Des Moines	
Delhi	Detroit	
Delhi	El Paso	
Delhi	Eugene	
Delhi	Fort Collins	
Delhi	Fort Lauderdale	
Delhi	Fort Myers	
Delhi	Fresno	
Delhi	Great Falls	
Delhi	Gunnison	
Delhi	Hartford	
Delhi	Helena	
Delhi	Honolulu	
Delhi	Houston	
Delhi	Idaho Falls	
Delhi	Indianapolis	
Delhi	Jackson	
Delhi	Jacksonville	
Delhi	Kalispell	
Delhi	Kansas City	
Delhi	Las Vegas	
Delhi	Lexington	
Delhi	Lihue	
Delhi	Los Angeles	
Delhi	Memphis	
Delhi	Miami	
Delhi	Milwaukee	
Delhi	Minneapolis	
Delhi	Missoula	
Delhi	Montrose	
Delhi	Nashville	
Delhi	New Orleans	
Delhi	Oklahoma City	
Delhi	Omaha	
Delhi	Orlando	
Delhi	Philadelphia	
Delhi	Phoenix	
Delhi	Pittsburgh	
Delhi	Raleigh	
Delhi	Richmond	
Delhi	Sacramento	
Delhi	Saint Louis	
Delhi	Salt Lake City	
Delhi	San Antonio	
Delhi	San Diego	
Delhi	San Francisco	
Delhi	San Jose	
Delhi	Seattle	
Delhi	Spokane	
Delhi	Steamboat Springs	
Delhi	Sun Valley	
Delhi	Tampa	
Delhi	Tulsa	
Delhi	Vail	
Delhi	Washington, D.C.	
Delhi	West Palm Beach	
Doha	Chicago	
Doha	Denver	
Doha	Fort Lauderdale	
Doha	Houston	
Doha	Los Angeles	
Doha	Orlando	
Doha	San Francisco	
Doha	Washington, D.C.	
Dubai	Atlanta	
Dubai	Austin	
Dubai	Baltimore	
Dubai	Boston	
Dubai	Charlotte	
Dubai	Chicago	
Dubai	Cincinnati	
Dubai	Cleveland	
Dubai	Columbus	
Dubai	Dallas	
Dubai	Denver	
Dubai	Detroit	
Dubai	Fort Lauderdale	
Dubai	Hartford	
Dubai	Honolulu	
Dubai	Houston	
Dubai	Indianapolis	
Dubai	Kansas City	
Dubai	Las Vegas	
Dubai	Los Angeles	
Dubai	Miami	
Dubai	Minneapolis	
Dubai	Nashville	
Dubai	New Orleans	
Dubai	Oklahoma City	
Dubai	Omaha	
Dubai	Orlando	
Dubai	Philadelphia	
Dubai	Phoenix	
Dubai	Pittsburgh	
Dubai	Raleigh	
Dubai	Sacramento	
Dubai	Saint Louis	
Dubai	Salt Lake City	
Dubai	San Antonio	
Dubai	San Diego	
Dubai	San Francisco	
Dubai	San Jose	
Dubai	Seattle	
Dubai	Tampa	
Dubai	Washington, D.C.	
Dubai	West Palm Beach	
Fukuoka	Agana, Guam	
Fukuoka	Charlotte	
Fukuoka	Chicago	
Fukuoka	Denver	
Fukuoka	Honolulu	
Fukuoka	Indianapolis	
Fukuoka	Los Angeles	
Fukuoka	Norfolk	
Fukuoka	Orlando	
Fukuoka	San Diego	
Fukuoka	San Francisco	
Fukuoka	Scranton	
Fukuoka	Seattle	
Fukuoka	Tampa	
Georgetown	Chicago	
Georgetown	Houston	
Georgetown	Los Angeles	
Georgetown	San Francisco	
Georgetown	Washington, D.C.	
Guayaquil	Atlanta	
Guayaquil	Atlantic City	
Guayaquil	Austin	
Guayaquil	Baltimore, MD / Washington DC AREA	
Guayaquil	Boston	
Guayaquil	Charlotte	
Guayaquil	Chicago	
Guayaquil	Cleveland	
Guayaquil	Columbus	
Guayaquil	Dallas	
Guayaquil	Denver	
Guayaquil	Detroit	
Guayaquil	Hartford	
Guayaquil	Houston	
Guayaquil	Indianapolis	
Guayaquil	Kansas City	
Guayaquil	Las Vegas	
Guayaquil	Los Angeles	
Guayaquil	Louisville	
Guayaquil	Miami	
Guayaquil	Milwaukee	
Guayaquil	Minneapolis	
Guayaquil	Myrtle Beach	
Guayaquil	Nashville	
Guayaquil	New Orleans	
Guayaquil	New York	
Guayaquil	Orlando	
Guayaquil	Philadelphia	
Guayaquil	Pittsburgh	
Guayaquil	Raleigh	
Guayaquil	Richmond	
Guayaquil	Sacramento	
Guayaquil	Saint Louis	
Guayaquil	Tampa	
Guayaquil	West Palm Beach	
Hong Kong	Agana, Guam	
Hong Kong	Albuquerque	
Hong Kong	Aspen	
Hong Kong	Atlanta	
Hong Kong	Austin	
Hong Kong	Baltimore	
Hong Kong	Billings	
Hong Kong	Boise	
Hong Kong	Boston	
Hong Kong	Bozeman	
Hong Kong	Buffalo	
Hong Kong	Burlington	
Hong Kong	Cedar Rapids	
Hong Kong	Charleston	
Hong Kong	Charlotte	
Hong Kong	Charlottesville	
Hong Kong	Chicago	
Hong Kong	Cincinnati	
Hong Kong	Cleveland	
Hong Kong	Columbia	
Hong Kong	Columbus	
Hong Kong	Dallas	
Hong Kong	Dayton	
Hong Kong	Denver	
Hong Kong	Des Moines	
Hong Kong	Detroit	
Hong Kong	Eugene	
Hong Kong	Fayetteville	
Hong Kong	Fort Collins	
Hong Kong	Fort Lauderdale	
Hong Kong	Fort Myers	
Hong Kong	Fresno	
Hong Kong	Grand Rapids	
Hong Kong	Great Falls	
Hong Kong	Greensboro	
Hong Kong	Greenville	
Hong Kong	Gulfport	
Hong Kong	Gunnison	
Hong Kong	Harrisburg	
Hong Kong	Hartford	
Hong Kong	Helena	
Hong Kong	Honolulu	
Hong Kong	Houston	
Hong Kong	Huntsville	
Hong Kong	Idaho Falls	
Hong Kong	Indianapolis	
Hong Kong	Ithaca	
Hong Kong	Jackson	
Hong Kong	Kalispell	
Hong Kong	Kansas City	
Hong Kong	Las Vegas	
Hong Kong	Lexington	
Hong Kong	Lincoln	
Hong Kong	Los Angeles	
Hong Kong	Louisville	
Hong Kong	Lubbock	
Hong Kong	Madison	
Hong Kong	Maui	
Hong Kong	Medford	
Hong Kong	Memphis	
Hong Kong	Miami	
Hong Kong	Milwaukee	
Hong Kong	Minneapolis	
Hong Kong	Missoula	
Hong Kong	Moline	
Hong Kong	Montrose	
Hong Kong	Nashville	
Hong Kong	New Orleans	
Hong Kong	Norfolk	
Hong Kong	Oklahoma City	
Hong Kong	Omaha	
Hong Kong	Orlando	
Hong Kong	Palm Springs	
Hong Kong	Panama City	
Hong Kong	Philadelphia	
Hong Kong	Phoenix	
Hong Kong	Pittsburgh	
Hong Kong	Providence	
Hong Kong	Raleigh	
Hong Kong	Redmond	
Hong Kong	Reno	
Hong Kong	Richmond	
Hong Kong	Roanoke	
Hong Kong	Rochester	
Hong Kong	Sacramento	
Hong Kong	Saint Louis	
Hong Kong	Salt Lake City	
Hong Kong	San Antonio	
Hong Kong	San Diego	
Hong Kong	San Francisco	
Hong Kong	San Jose	
Hong Kong	San Luis Obispo	
Hong Kong	Santa Barbara	
Hong Kong	Seattle	
Hong Kong	Sioux Falls	
Hong Kong	South Bend	
Hong Kong	Spokane	
Hong Kong	Springfield	
Hong Kong	Steamboat Springs	
Hong Kong	Sun Valley	
Hong Kong	Tampa	
Hong Kong	Tucson	
Hong Kong	Tulsa	
Hong Kong	Vail	
Hong Kong	Washington, D.C.	
Hong Kong	West Palm Beach	
Hyderabad	Atlanta	
Hyderabad	Austin	
Hyderabad	Chicago	
Hyderabad	Dallas	
Hyderabad	Houston	
Hyderabad	San Francisco	
Hyderabad	Washington, D.C.	
Jackson Hole	Albany	
Jackson Hole	Allentown	
Jackson Hole	Atlanta	
Jackson Hole	Austin	
Jackson Hole	Baltimore	
Jackson Hole	Baton Rouge	
Jackson Hole	Boston	
Jackson Hole	Burbank	
Jackson Hole	Charleston	
Jackson Hole	Charlotte	
Jackson Hole	Chattanooga	
Jackson Hole	Chicago	
Jackson Hole	Cincinnati	
Jackson Hole	Cleveland	
Jackson Hole	Columbus	
Jackson Hole	Dallas	
Jackson Hole	Dayton	
Jackson Hole	Denver	
Jackson Hole	Detroit	
Jackson Hole	Fort Lauderdale	
Jackson Hole	Fort Myers	
Jackson Hole	Greensboro	
Jackson Hole	Greenville	
Jackson Hole	Harrisburg	
Jackson Hole	Hartford	
Jackson Hole	Honolulu	
Jackson Hole	Houston	
Jackson Hole	Indianapolis	
Jackson Hole	Jackson	
Jackson Hole	Jacksonville	
Jackson Hole	Kansas City	
Jackson Hole	Knoxville	
Jackson Hole	Las Vegas	
Jackson Hole	Long Island	
Jackson Hole	Los Angeles	
Jackson Hole	Louisville	
Jackson Hole	Madison	
Jackson Hole	Memphis	
Jackson Hole	Miami	
Jackson Hole	Milwaukee	
Jackson Hole	Minneapolis	
Jackson Hole	Nashville	
Jackson Hole	New Haven	
Jackson Hole	New Orleans	
Jackson Hole	New York	
Jackson Hole	Norfolk	
Jackson Hole	Oakland	
Jackson Hole	Oklahoma City	
Jackson Hole	Ontario	
Jackson Hole	Orlando	
Jackson Hole	Palm Springs	
Jackson Hole	Pensacola	
Jackson Hole	Philadelphia	
Jackson Hole	Phoenix	
Jackson Hole	Pittsburgh	
Jackson Hole	Providence	
Jackson Hole	Raleigh	
Jackson Hole	Richmond	
Jackson Hole	Sacramento	
Jackson Hole	Saint Louis	
Jackson Hole	Salt Lake City	
Jackson Hole	San Antonio	
Jackson Hole	San Diego	
Jackson Hole	San Francisco	
Jackson Hole	San Jose	
Jackson Hole	Seattle	
Jackson Hole	Sioux Falls	
Jackson Hole	Tampa	
Jackson Hole	Tucson	
Jackson Hole	Washington, D.C.	
Jackson Hole	West Palm Beach	
Jackson Hole	White Plains	
Jakarta	Atlanta	
Jakarta	Austin	
Jakarta	Baltimore	
Jakarta	Boise	
Jakarta	Boston	
Jakarta	Charlotte	
Jakarta	Chicago	
Jakarta	Cincinnati	
Jakarta	Cleveland	
Jakarta	Columbus	
Jakarta	Dallas	
Jakarta	Denver	
Jakarta	Detroit	
Jakarta	Fort Lauderdale	
Jakarta	Fort Myers	
Jakarta	Honolulu	
Jakarta	Houston	
Jakarta	Kansas City	
Jakarta	Las Vegas	
Jakarta	Los Angeles	
Jakarta	Miami	
Jakarta	Minneapolis	
Jakarta	Nashville	
Jakarta	New Orleans	
Jakarta	Oklahoma City	
Jakarta	Omaha	
Jakarta	Orlando	
Jakarta	Philadelphia	
Jakarta	Phoenix	
Jakarta	Pittsburgh	
Jakarta	Raleigh	
Jakarta	Saint Louis	
Jakarta	San Diego	
Jakarta	San Francisco	
Jakarta	San Jose	
Jakarta	Seattle	
Jakarta	Tampa	
Jakarta	Washington, D.C.	
Jakarta	West Palm Beach	
Kochi	Houston	
Kolkata	Chicago	
Kolkata	San Francisco	
Koror	Agana, Guam	
Koror	Chicago	
Koror	Denver	
Koror	Fort Lauderdale	
Koror	Honolulu	
Koror	Houston	
Koror	Los Angeles	
Koror	Minneapolis	
Koror	Orlando	
Koror	Saipan	
Koror	San Francisco	
Koror	Washington, D.C.	
Kosrae	Agana, Guam	
Kosrae	Chicago	
Kosrae	Denver	
Kosrae	Fort Lauderdale	
Kosrae	Honolulu	
Kosrae	Houston	
Kosrae	Los Angeles	
Kosrae	Orlando	
Kosrae	San Francisco	
Kosrae	Seattle	
Kosrae	Washington, D.C.	
Kuala Lumpur	Atlanta	
Kuala Lumpur	Austin	
Kuala Lumpur	Baltimore	
Kuala Lumpur	Boston	
Kuala Lumpur	Charlotte	
Kuala Lumpur	Chicago	
Kuala Lumpur	Cincinnati	
Kuala Lumpur	Cleveland	
Kuala Lumpur	Columbus	
Kuala Lumpur	Dallas	
Kuala Lumpur	Denver	
Kuala Lumpur	Detroit	
Kuala Lumpur	Fort Lauderdale	
Kuala Lumpur	Honolulu	
Kuala Lumpur	Houston	
Kuala Lumpur	Indianapolis	
Kuala Lumpur	Kansas City	
Kuala Lumpur	Las Vegas	
Kuala Lumpur	Los Angeles	
Kuala Lumpur	Miami	
Kuala Lumpur	Milwaukee	
Kuala Lumpur	Minneapolis	
Kuala Lumpur	Montrose	
Kuala Lumpur	Nashville	
Kuala Lumpur	New Orleans	
Kuala Lumpur	Oklahoma City	
Kuala Lumpur	Omaha	
Kuala Lumpur	Orlando	
Kuala Lumpur	Philadelphia	
Kuala Lumpur	Phoenix	
Kuala Lumpur	Pittsburgh	
Kuala Lumpur	Raleigh	
Kuala Lumpur	Sacramento	
Kuala Lumpur	Saint Louis	
Kuala Lumpur	Salt Lake City	
Kuala Lumpur	San Antonio	
Kuala Lumpur	San Diego	
Kuala Lumpur	San Francisco	
Kuala Lumpur	San Jose	
Kuala Lumpur	Seattle	
Kuala Lumpur	Tampa	
Kuala Lumpur	Washington, D.C.	
Kwajalein	Agana, Guam	
Kwajalein	Austin	
Kwajalein	Boston	
Kwajalein	Chicago	
Kwajalein	Denver	
Kwajalein	Fort Lauderdale	
Kwajalein	Honolulu	
Kwajalein	Houston	
Kwajalein	Las Vegas	
Kwajalein	Los Angeles	
Kwajalein	Orlando	
Kwajalein	San Francisco	
Kwajalein	Washington, D.C.	
Lima	Aguadilla	
Lima	Albuquerque	
Lima	Atlanta	
Lima	Atlantic City	
Lima	Austin	
Lima	Baltimore	
Lima	Baltimore, MD / Washington DC AREA	
Lima	Billings	
Lima	Boise	
Lima	Boston	
Lima	Buffalo	
Lima	Cedar Rapids	
Lima	Charlotte	
Lima	Chicago	
Lima	Cincinnati	
Lima	Cleveland	
Lima	Columbus	
Lima	Dallas	
Lima	Denver	
Lima	Detroit	
Lima	Fort Lauderdale	
Lima	Fort Myers	
Lima	Hartford	
Lima	Honolulu	
Lima	Houston	
Lima	Indianapolis	
Lima	Kansas City	
Lima	Las Vegas	
Lima	Latrobe	
Lima	Los Angeles	
Lima	Louisville	
Lima	Memphis	
Lima	Miami	
Lima	Midland	
Lima	Milwaukee	
Lima	Minneapolis	
Lima	Myrtle Beach	
Lima	Nashville	
Lima	New Orleans	
Lima	New York	
Lima	Oklahoma City	
Lima	Omaha	
Lima	Orlando	
Lima	Panama City	
Lima	Philadelphia	
Lima	Phoenix	
Lima	Pittsburgh	
Lima	Raleigh	
Lima	Richmond	
Lima	Sacramento	
Lima	Saint Croix	
Lima	Saint Louis	
Lima	Salt Lake City	
Lima	San Antonio	
Lima	San Diego	
Lima	San Francisco	
Lima	San Jose	
Lima	San Juan	
Lima	Santa Barbara	
Lima	Seattle	
Lima	Spokane	
Lima	Tampa	
Lima	Tucson	
Lima	Washington, D.C.	
Lima	West Palm Beach	
Majuro	Agana, Guam	
Majuro	Chicago	
Majuro	Denver	
Majuro	Fayetteville	
Majuro	Fort Lauderdale	
Majuro	Honolulu	
Majuro	Houston	
Majuro	Los Angeles	
Majuro	Orlando	
Majuro	Salt Lake City	
Majuro	San Francisco	
Majuro	Tulsa	
Majuro	Washington, D.C.	
Male	Chicago	
Male	Denver	
Male	Houston	
Male	Los Angeles	
Male	San Francisco	
Manila	Agana, Guam	
Manila	Albany	
Manila	Appleton	
Manila	Atlanta	
Manila	Austin	
Manila	Baltimore	
Manila	Boise	
Manila	Boston	
Manila	Cedar Rapids	
Manila	Charleston	
Manila	Charlotte	
Manila	Chattanooga	
Manila	Chicago	
Manila	Cincinnati	
Manila	Cleveland	
Manila	Colorado Springs	
Manila	Columbia	
Manila	Columbus	
Manila	Corpus Christi	
Manila	Dallas	
Manila	Dayton	
Manila	Denver	
Manila	Detroit	
Manila	El Paso	
Manila	Fort Lauderdale	
Manila	Fort Myers	
Manila	Hartford	
Manila	Honolulu	
Manila	Houston	
Manila	Indianapolis	
Manila	Jacksonville	
Manila	Jamestown	
Manila	Kansas City	
Manila	Las Vegas	
Manila	Lihue	
Manila	Lincoln	
Manila	Little Rock	
Manila	Los Angeles	
Manila	Louisville	
Manila	Maui	
Manila	Memphis	
Manila	Miami	
Manila	Midland	
Manila	Minneapolis	
Manila	Mobile	
Manila	Montrose	
Manila	Nashville	
Manila	New Orleans	
Manila	Norfolk	
Manila	Oklahoma City	
Manila	Omaha	
Manila	Orlando	
Manila	Philadelphia	
Manila	Phoenix	
Manila	Pittsburgh	
Manila	Providence	
Manila	Raleigh	
Manila	Reno	
Manila	Richmond	
Manila	Roanoke	
Manila	Sacramento	
Manila	Saint Louis	
Manila	Saipan	
Manila	Salt Lake City	
Manila	San Antonio	
Manila	San Diego	
Manila	San Francisco	
Manila	San Jose	
Manila	Seattle	
Manila	Tampa	
Manila	Tulsa	
Manila	Washington, D.C.	
Manila	West Palm Beach	
Medellin	Aguadilla	
Medellin	Atlanta	
Medellin	Atlantic City	
Medellin	Austin	
Medellin	Baltimore	
Medellin	Baltimore, MD / Washington DC AREA	
Medellin	Boise	
Medellin	Boston	
Medellin	Burbank	
Medellin	Charlotte	
Medellin	Chicago	
Medellin	Cleveland	
Medellin	Columbus	
Medellin	Dallas	
Medellin	Denver	
Medellin	Detroit	
Medellin	Fort Lauderdale	
Medellin	Hartford	
Medellin	Honolulu	
Medellin	Houston	
Medellin	Indianapolis	
Medellin	Kansas City	
Medellin	Las Vegas	
Medellin	Los Angeles	
Medellin	Miami	
Medellin	Milwaukee	
Medellin	Minneapolis	
Medellin	Myrtle Beach	
Medellin	Nashville	
Medellin	New Orleans	
Medellin	New York	
Medellin	Oklahoma City	
Medellin	Omaha	
Medellin	Orlando	
Medellin	Pensacola	
Medellin	Philadelphia	
Medellin	Phoenix	
Medellin	Pittsburgh	
Medellin	Ponce	
Medellin	Raleigh	
Medellin	Richmond	
Medellin	Sacramento	
Medellin	Saint Louis	
Medellin	Salt Lake City	
Medellin	San Antonio	
Medellin	San Diego	
Medellin	San Francisco	
Medellin	San Jose	
Medellin	San Juan	
Medellin	Seattle	
Medellin	Tampa	
Medellin	Washington, D.C.	
Medellin	West Palm Beach	
Melbourne	Akron	
Melbourne	Albany	
Melbourne	Allentown	
Melbourne	Asheville	
Melbourne	Aspen	
Melbourne	Atlanta	
Melbourne	Austin	
Melbourne	Baltimore	
Melbourne	Baton Rouge	
Melbourne	Boise	
Melbourne	Boston	
Melbourne	Bozeman	
Melbourne	Buffalo	
Melbourne	Burbank	
Melbourne	Burlington	
Melbourne	Charlotte	
Melbourne	Charlottesville	
Melbourne	Chattanooga	
Melbourne	Chicago	
Melbourne	Cincinnati	
Melbourne	Cleveland	
Melbourne	Colorado Springs	
Melbourne	Columbus	
Melbourne	Dallas	
Melbourne	Dayton	
Melbourne	Denver	
Melbourne	Des Moines	
Melbourne	Detroit	
Melbourne	Fargo	
Melbourne	Fort Collins	
Melbourne	Fort Lauderdale	
Melbourne	Fort Myers	
Melbourne	Grand Junction	
Melbourne	Green Bay	
Melbourne	Greensboro	
Melbourne	Greenville	
Melbourne	Gunnison	
Melbourne	Harrisburg	
Melbourne	Hartford	
Melbourne	Honolulu	
Melbourne	Houston	
Melbourne	Indianapolis	
Melbourne	Jackson	
Melbourne	Jacksonville	
Melbourne	Kansas City	
Melbourne	Knoxville	
Melbourne	Las Vegas	
Melbourne	Long Island	
Melbourne	Los Angeles	
Melbourne	Louisville	
Melbourne	Lynchburg	
Melbourne	Madison	
Melbourne	Maui	
Melbourne	Memphis	
Melbourne	Miami	
Melbourne	Milwaukee	
Melbourne	Minneapolis	
Melbourne	Montrose	
Melbourne	Nashville	
Melbourne	New Haven	
Melbourne	New Orleans	
Melbourne	New York	
Melbourne	Norfolk	
Melbourne	Oakland	
Melbourne	Oklahoma City	
Melbourne	Omaha	
Melbourne	Ontario	
Melbourne	Orlando	
Melbourne	Palm Springs	
Melbourne	Pensacola	
Melbourne	Philadelphia	
Melbourne	Phoenix	
Melbourne	Pittsburgh	
Melbourne	Providence	
Melbourne	Raleigh	
Melbourne	Richmond	
Melbourne	Roanoke	
Melbourne	Rochester	
Melbourne	Sacramento	
Melbourne	Saint Louis	
Melbourne	Salt Lake City	
Melbourne	San Antonio	
Melbourne	San Diego	
Melbourne	San Francisco	
Melbourne	San Jose	
Melbourne	Scranton	
Melbourne	Seattle	
Melbourne	Sioux Falls	
Melbourne	Steamboat Springs	
Melbourne	Tampa	
Melbourne	Tucson	
Melbourne	Vail	
Melbourne	Washington, D.C.	
Melbourne	West Palm Beach	
Melbourne	White Plains	
Melbourne	Wilmington	
Montevideo	Chicago	
Montevideo	Denver	
Montevideo	Fort Lauderdale	
Montevideo	Houston	
Montevideo	Los Angeles	
Montevideo	Orlando	
Montevideo	San Francisco	
Montevideo	Washington, D.C.	
Mumbai	Akron	
Mumbai	Aspen	
Mumbai	Atlanta	
Mumbai	Austin	
Mumbai	Baltimore	
Mumbai	Billings	
Mumbai	Boise	
Mumbai	Boston	
Mumbai	Bozeman	
Mumbai	Charleston	
Mumbai	Charlotte	
Mumbai	Chicago	
Mumbai	Cincinnati	
Mumbai	Cleveland	
Mumbai	Columbus	
Mumbai	Dallas	
Mumbai	Dayton	
Mumbai	Denver	
Mumbai	Des Moines	
Mumbai	Detroit	
Mumbai	Eugene	
Mumbai	Fort Collins	
Mumbai	Fort Lauderdale	
Mumbai	Fort Myers	
Mumbai	Great Falls	
Mumbai	Greensboro	
Mumbai	Greenville	
Mumbai	Gunnison	
Mumbai	Hartford	
Mumbai	Helena	
Mumbai	Honolulu	
Mumbai	Houston	
Mumbai	Idaho Falls	
Mumbai	Indianapolis	
Mumbai	Jackson	
Mumbai	Jacksonville	
Mumbai	Kalispell	
Mumbai	Kansas City	
Mumbai	Las Vegas	
Mumbai	Los Angeles	
Mumbai	Louisville	
Mumbai	Memphis	
Mumbai	Miami	
Mumbai	Milwaukee	
Mumbai	Minneapolis	
Mumbai	Missoula	
Mumbai	Montrose	
Mumbai	Nashville	
Mumbai	New Orleans	
Mumbai	Norfolk	
Mumbai	Oklahoma City	
Mumbai	Omaha	
Mumbai	Orlando	
Mumbai	Philadelphia	
Mumbai	Phoenix	
Mumbai	Pittsburgh	
Mumbai	Providence	
Mumbai	Raleigh	
Mumbai	Rochester	
Mumbai	Sacramento	
Mumbai	Saint Louis	
Mumbai	Salt Lake City	
Mumbai	San Antonio	
Mumbai	San Diego	
Mumbai	San Francisco	
Mumbai	San Jose	
Mumbai	San Juan	
Mumbai	Seattle	
Mumbai	Spokane	
Mumbai	Steamboat Springs	
Mumbai	Sun Valley	
Mumbai	Tampa	
Mumbai	Vail	
Mumbai	Washington, D.C.	
Mumbai	West Palm Beach	
Nagoya	Agana, Guam	
Nagoya	Albuquerque	
Nagoya	Atlanta	
Nagoya	Chicago	
Nagoya	Honolulu	
Nagoya	Las Vegas	
Nagoya	Los Angeles	
Nagoya	Nashville	
Nagoya	Oklahoma City	
Nagoya	Orlando	
Nagoya	Providence	
Nagoya	Roanoke	
Nagoya	Salt Lake City	
Nagoya	San Diego	
Nagoya	San Francisco	
Nagoya	Scranton	
Nagoya	Seattle	
Nagoya	Springfield	
Nagoya	Washington, D.C.	
Okinawa	Albuquerque	
Okinawa	Atlanta	
Okinawa	Baltimore	
Okinawa	Cedar Rapids	
Okinawa	Charleston	
Okinawa	Charlotte	
Okinawa	Chicago	
Okinawa	Cincinnati	
Okinawa	Denver	
Okinawa	Fort Lauderdale	
Okinawa	Honolulu	
Okinawa	Houston	
Okinawa	Kansas City	
Okinawa	Los Angeles	
Okinawa	Lubbock	
Okinawa	Minneapolis	
Okinawa	Moline	
Okinawa	Ontario	
Okinawa	Orlando	
Okinawa	Palm Springs	
Okinawa	Pensacola	
Okinawa	Raleigh	
Okinawa	Rapid City	
Okinawa	San Antonio	
Okinawa	San Diego	
Okinawa	San Francisco	
Okinawa	San Juan	
Okinawa	Seattle	
Okinawa	Tampa	
Okinawa	Tucson	
Okinawa	Washington, D.C.	
Orange County	Abilene	
Orange County	Agana, Guam	
Orange County	Aguadilla	
Orange County	Albany	
Orange County	Albuquerque	
Orange County	Allentown	
Orange County	Amarillo	
Orange County	Anchorage	
Orange County	Appleton	
Orange County	Arcata	
Orange County	Asheville	
Orange County	Aspen	
Orange County	Atlanta	
Orange County	Atlantic City	
Orange County	Augusta	
Orange County	Austin	
Orange County	Baltimore	
Orange County	Baltimore, MD / Washington DC AREA	
Orange County	Bangor	
Orange County	Baton Rouge	
Orange County	Billings	
Orange County	Bismarck	
Orange County	Bloomington	
Orange County	Boise	
Orange County	Boston	
Orange County	Bozeman	
Orange County	Brownsville	
Orange County	Buffalo	
Orange County	Burlington	
Orange County	Cedar Rapids	
Orange County	Champaign	
Orange County	Charleston	
Orange County	Charlotte	
Orange County	Charlottesville	
Orange County	Chattanooga	
Orange County	Chicago	
Orange County	Cincinnati	
Orange County	Cleveland	
Orange County	College Station	
Orange County	Colorado Springs	
Orange County	Columbia	
Orange County	Columbus	
Orange County	Corpus Christi	
Orange County	Dallas	
Orange County	Dayton	
Orange County	Daytona Beach	
Orange County	Denver	
Orange County	Des Moines	
Orange County	Destin	
Orange County	Detroit	
Orange County	El Paso	
Orange County	Eugene	
Orange County	Evansville	
Orange County	Fairbanks	
Orange County	Fargo	
Orange County	Fayetteville	
Orange County	Flagstaff	
Orange County	Flint	
Orange County	Fort Collins	
Orange County	Fort Lauderdale	
Orange County	Fort Myers	
Orange County	Fort Smith	
Orange County	Fresno	
Orange County	Ft Wayne	
Orange County	Gillette	
Orange County	Grand Junction	
Orange County	Grand Rapids	
Orange County	Green Bay	
Orange County	Greensboro	
Orange County	Greenville	
Orange County	Gulfport	
Orange County	Harrisburg	
Orange County	Hartford	
Orange County	Hays	
Orange County	Hilton Head Island	
Orange County	Honolulu	
Orange County	Houston	
Orange County	Huntsville	
Orange County	Idaho Falls	
Orange County	Indianapolis	
Orange County	Ithaca	
Orange County	Jackson	
Orange County	Jacksonville	
Orange County	Jamestown	
Orange County	Kalamazoo	
Orange County	Kalispell	
Orange County	Kansas City	
Orange County	Kauai	
Orange County	Key West	
Orange County	Killeen	
Orange County	Knoxville	
Orange County	Lafayette	
Orange County	Las Vegas	
Orange County	Latrobe	
Orange County	Lexington	
Orange County	Lihue	
Orange County	Lincoln	
Orange County	Little Rock	
Orange County	Los Angeles	
Orange County	Louisville	
Orange County	Lubbock	
Orange County	Lynchburg	
Orange County	Madison	
Orange County	Manhattan	
Orange County	Maui	
Orange County	Mcallen	
Orange County	Medford	
Orange County	Memphis	
Orange County	Miami	
Orange County	Midland	
Orange County	Milwaukee	
Orange County	Minneapolis	
Orange County	Mobile	
Orange County	Moline	
Orange County	Monterey	
Orange County	Montgomery	
Orange County	Montrose	
Orange County	Myrtle Beach	
Orange County	Nashville	
Orange County	New Orleans	
Orange County	New York	
Orange County	Norfolk	
Orange County	North Bend	
Orange County	Oklahoma City	
Orange County	Omaha	
Orange County	Orlando	
Orange County	Panama City	
Orange County	Pasco	
Orange County	Pensacola	
Orange County	Peoria	
Orange County	Philadelphia	
Orange County	Phoenix	
Orange County	Pittsburgh	
Orange County	Providence	
Orange County	Provo	
Orange County	Raleigh	
Orange County	Rapid City	
Orange County	Redding	
Orange County	Redmond	
Orange County	Reno	
Orange County	Richmond	
Orange County	Roanoke	
Orange County	Rochester	
Orange County	Roswell	
Orange County	Sacramento	
Orange County	Saginaw	
Orange County	Saint Croix	
Orange County	Saint Louis	
Orange County	Saipan	
Orange County	Salt Lake City	
Orange County	San Angelo	
Orange County	San Antonio	
Orange County	San Diego	
Orange County	San Francisco	
Orange County	San Jose	
Orange County	San Juan	
Orange County	San Luis Obispo	
Orange County	Santa Fe	
Orange County	Sarasota	
Orange County	Savannah	
Orange County	Scranton	
Orange County	Seattle	
Orange County	Shannon	
Orange County	Shreveport	
Orange County	Sioux Falls	
Orange County	South Bend	
Orange County	Spokane	
Orange County	Springfield	
Orange County	St George	
Orange County	Steamboat Springs	
Orange County	Tallahassee	
Orange County	Tampa	
Orange County	Texarkana	
Orange County	Traverse City	
Orange County	Tucson	
Orange County	Tulsa	
Orange County	Tyler	
Orange County	Vail	
Orange County	Waco	
Orange County	Washington, D.C.	
Orange County	West Palm Beach	
Orange County	White Plains	
Orange County	Wichita	
Orange County	Wilmington	
Osaka	Agana, Guam	
Osaka	Aspen	
Osaka	Atlanta	
Osaka	Austin	
Osaka	Baltimore	
Osaka	Billings	
Osaka	Boise	
Osaka	Boston	
Osaka	Bozeman	
Osaka	Buffalo	
Osaka	Burbank	
Osaka	Charleston	
Osaka	Charlotte	
Osaka	Chicago	
Osaka	Cincinnati	
Osaka	Cleveland	
Osaka	Columbus	
Osaka	Dallas	
Osaka	Denver	
Osaka	Des Moines	
Osaka	Detroit	
Osaka	Eugene	
Osaka	Fort Collins	
Osaka	Fort Lauderdale	
Osaka	Great Falls	
Osaka	Gunnison	
Osaka	Hartford	
Osaka	Helena	
Osaka	Honolulu	
Osaka	Houston	
Osaka	Idaho Falls	
Osaka	Indianapolis	
Osaka	Jackson	
Osaka	Kalispell	
Osaka	Kansas City	
Osaka	Las Vegas	
Osaka	Los Angeles	
Osaka	Miami	
Osaka	Minneapolis	
Osaka	Missoula	
Osaka	Montrose	
Osaka	Nashville	
Osaka	New Orleans	
Osaka	Oklahoma City	
Osaka	Omaha	
Osaka	Orlando	
Osaka	Philadelphia	
Osaka	Phoenix	
Osaka	Pittsburgh	
Osaka	Raleigh	
Osaka	Sacramento	
Osaka	Saint Louis	
Osaka	Salt Lake City	
Osaka	San Antonio	
Osaka	San Diego	
Osaka	San Francisco	
Osaka	Seattle	
Osaka	Spokane	
Osaka	Steamboat Springs	
Osaka	Sun Valley	
Osaka	Tampa	
Osaka	Vail	
Osaka	Washington, D.C.	
Osaka	West Palm Beach	
Perth	Houston	
Perth	Los Angeles	
Perth	San Francisco	
Phnom Penh	San Francisco	
Phuket	Atlanta	
Phuket	Austin	
Phuket	Baltimore	
Phuket	Boise	
Phuket	Charlotte	
Phuket	Chicago	
Phuket	Cincinnati	
Phuket	Cleveland	
Phuket	Dallas	
Phuket	Denver	
Phuket	Detroit	
Phuket	Honolulu	
Phuket	Houston	
Phuket	Indianapolis	
Phuket	Kansas City	
Phuket	Las Vegas	
Phuket	Los Angeles	
Phuket	Miami	
Phuket	Minneapolis	
Phuket	Nashville	
Phuket	New Orleans	
Phuket	Orlando	
Phuket	Philadelphia	
Phuket	Phoenix	
Phuket	Pittsburgh	
Phuket	Sacramento	
Phuket	Saint Louis	
Phuket	San Antonio	
Phuket	San Diego	
Phuket	San Francisco	
Phuket	Seattle	
Phuket	Tampa	
Phuket	Washington, D.C.	
Pohnpei	Agana, Guam	
Pohnpei	Chicago	
Pohnpei	Denver	
Pohnpei	Fort Lauderdale	
Pohnpei	Honolulu	
Pohnpei	Houston	
Pohnpei	Las Vegas	
Pohnpei	Los Angeles	
Pohnpei	Orlando	
Pohnpei	Raleigh	
Pohnpei	San Francisco	
Pohnpei	Washington, D.C.	
Queenstown	Chicago	
Queenstown	Denver	
Queenstown	Houston	
Queenstown	Los Angeles	
Queenstown	San Francisco	
Quito	Atlanta	
Quito	Austin	
Quito	Baltimore	
Quito	Boise	
Quito	Boston	
Quito	Cedar Rapids	
Quito	Charlotte	
Quito	Chicago	
Quito	Cincinnati	
Quito	Cleveland	
Quito	Columbus	
Quito	Dallas	
Quito	Denver	
Quito	Detroit	
Quito	Fort Lauderdale	
Quito	Hartford	
Quito	Honolulu	
Quito	Houston	
Quito	Indianapolis	
Quito	Kansas City	
Quito	Las Vegas	
Quito	Los Angeles	
Quito	Miami	
Quito	Milwaukee	
Quito	Minneapolis	
Quito	Nashville	
Quito	New Orleans	
Quito	Omaha	
Quito	Orlando	
Quito	Palm Springs	
Quito	Philadelphia	
Quito	Phoenix	
Quito	Pittsburgh	
Quito	Raleigh	
Quito	Sacramento	
Quito	Saint Louis	
Quito	Salt Lake City	
Quito	San Antonio	
Quito	San Diego	
Quito	San Francisco	
Quito	San Jose	
Quito	Seattle	
Quito	Spokane	
Quito	Tampa	
Quito	Washington, D.C.	
Rio de Janeiro	Atlanta	
Rio de Janeiro	Austin	
Rio de Janeiro	Baltimore	
Rio de Janeiro	Boston	
Rio de Janeiro	Buffalo	
Rio de Janeiro	Charlotte	
Rio de Janeiro	Chicago	
Rio de Janeiro	Cincinnati	
Rio de Janeiro	Cleveland	
Rio de Janeiro	Columbus	
Rio de Janeiro	Dallas	
Rio de Janeiro	Denver	
Rio de Janeiro	Detroit	
Rio de Janeiro	Fort Lauderdale	
Rio de Janeiro	Fort Myers	
Rio de Janeiro	Hartford	
Rio de Janeiro	Honolulu	
Rio de Janeiro	Houston	
Rio de Janeiro	Indianapolis	
Rio de Janeiro	Kansas City	
Rio de Janeiro	Las Vegas	
Rio de Janeiro	Los Angeles	
Rio de Janeiro	Miami	
Rio de Janeiro	Milwaukee	
Rio de Janeiro	Minneapolis	
Rio de Janeiro	Nashville	
Rio de Janeiro	New Orleans	
Rio de Janeiro	Oklahoma City	
Rio de Janeiro	Omaha	
Rio de Janeiro	Orlando	
Rio de Janeiro	Philadelphia	
Rio de Janeiro	Phoenix	
Rio de Janeiro	Raleigh	
Rio de Janeiro	Sacramento	
Rio de Janeiro	Saint Louis	
Rio de Janeiro	Salt Lake City	
Rio de Janeiro	San Antonio	
Rio de Janeiro	San Diego	
Rio de Janeiro	San Francisco	
Rio de Janeiro	San Jose	
Rio de Janeiro	Seattle	
Rio de Janeiro	Tampa	
Rio de Janeiro	Washington, D.C.	
Rio de Janeiro	West Palm Beach	
Sao Paulo	Akron	
Sao Paulo	Anchorage	
Sao Paulo	Atlanta	
Sao Paulo	Austin	
Sao Paulo	Baltimore	
Sao Paulo	Boston	
Sao Paulo	Buffalo	
Sao Paulo	Cedar Rapids	
Sao Paulo	Charlotte	
Sao Paulo	Chicago	
Sao Paulo	Cincinnati	
Sao Paulo	Cleveland	
Sao Paulo	Columbus	
Sao Paulo	Dallas	
Sao Paulo	Denver	
Sao Paulo	Detroit	
Sao Paulo	Eugene	
Sao Paulo	Fort Lauderdale	
Sao Paulo	Hartford	
Sao Paulo	Honolulu	
Sao Paulo	Houston	
Sao Paulo	Indianapolis	
Sao Paulo	Kansas City	
Sao Paulo	Las Vegas	
Sao Paulo	Los Angeles	
Sao Paulo	Miami	
Sao Paulo	Milwaukee	
Sao Paulo	Minneapolis	
Sao Paulo	Nashville	
Sao Paulo	New Orleans	
Sao Paulo	Oklahoma City	
Sao Paulo	Omaha	
Sao Paulo	Orlando	
Sao Paulo	Pasco	
Sao Paulo	Philadelphia	
Sao Paulo	Phoenix	
Sao Paulo	Pittsburgh	
Sao Paulo	Raleigh	
Sao Paulo	Sacramento	
Sao Paulo	Saint Louis	
Sao Paulo	Salt Lake City	
Sao Paulo	San Antonio	
Sao Paulo	San Diego	
Sao Paulo	San Francisco	
Sao Paulo	San Jose	
Sao Paulo	Savannah	
Sao Paulo	Seattle	
Sao Paulo	Tampa	
Sao Paulo	Washington, D.C.	
Sao Paulo	West Palm Beach	
Sapporo	Chicago	
Sapporo	Denver	
Sapporo	Honolulu	
Sapporo	Los Angeles	
Sapporo	Oklahoma City	
Sapporo	San Francisco	
Sapporo	Washington, D.C.	
Sendai	Washington, D.C.	
Shanghai	Agana, Guam	
Shanghai	Albany	
Shanghai	Albuquerque	
Shanghai	Aspen	
Shanghai	Atlanta	
Shanghai	Austin	
Shanghai	Baltimore	
Shanghai	Baton Rouge	
Shanghai	Billings	
Shanghai	Boise	
Shanghai	Boston	
Shanghai	Bozeman	
Shanghai	Brownsville	
Shanghai	Buffalo	
Shanghai	Cedar Rapids	
Shanghai	Charleston	
Shanghai	Charlotte	
Shanghai	Chicago	
Shanghai	Cincinnati	
Shanghai	Cleveland	
Shanghai	Columbia	
Shanghai	Columbus	
Shanghai	Dallas	
Shanghai	Dayton	
Shanghai	Denver	
Shanghai	Des Moines	
Shanghai	Detroit	
Shanghai	Eugene	
Shanghai	Fayetteville	
Shanghai	Fort Collins	
Shanghai	Fort Lauderdale	
Shanghai	Fort Myers	
Shanghai	Grand Rapids	
Shanghai	Great Falls	
Shanghai	Greensboro	
Shanghai	Greenville	
Shanghai	Gunnison	
Shanghai	Harrisburg	
Shanghai	Hartford	
Shanghai	Helena	
Shanghai	Honolulu	
Shanghai	Houston	
Shanghai	Idaho Falls	
Shanghai	Indianapolis	
Shanghai	Jackson	
Shanghai	Jacksonville	
Shanghai	Kalispell	
Shanghai	Kansas City	
Shanghai	Knoxville	
Shanghai	Lafayette	
Shanghai	Las Vegas	
Shanghai	Lexington	
Shanghai	Lincoln	
Shanghai	Los Angeles	
Shanghai	Louisville	
Shanghai	Madison	
Shanghai	Medford	
Shanghai	Memphis	
Shanghai	Miami	
Shanghai	Milwaukee	
Shanghai	Minneapolis	
Shanghai	Missoula	
Shanghai	Mobile	
Shanghai	Montrose	
Shanghai	Nashville	
Shanghai	New Orleans	
Shanghai	Norfolk	
Shanghai	Oklahoma City	
Shanghai	Omaha	
Shanghai	Ontario	
Shanghai	Orlando	
Shanghai	Panama City	
Shanghai	Pasco	
Shanghai	Philadelphia	
Shanghai	Phoenix	
Shanghai	Pittsburgh	
Shanghai	Providence	
Shanghai	Raleigh	
Shanghai	Reno	
Shanghai	Richmond	
Shanghai	Roanoke	
Shanghai	Rochester	
Shanghai	Sacramento	
Shanghai	Saint Louis	
Shanghai	Salt Lake City	
Shanghai	San Antonio	
Shanghai	San Diego	
Shanghai	San Francisco	
Shanghai	San Jose	
Shanghai	San Juan	
Shanghai	San Luis Obispo	
Shanghai	Santa Barbara	
Shanghai	Savannah	
Shanghai	Scranton	
Shanghai	Seattle	
Shanghai	Spokane	
Shanghai	Steamboat Springs	
Shanghai	Sun Valley	
Shanghai	Tampa	
Shanghai	Tucson	
Shanghai	Tulsa	
Shanghai	Vail	
Shanghai	Washington, D.C.	
Shanghai	West Palm Beach	
Shanghai	Wichita	
Singapore	Agana, Guam	
Singapore	Albany	
Singapore	Albuquerque	
Singapore	Aspen	
Singapore	Atlanta	
Singapore	Austin	
Singapore	Baltimore	
Singapore	Billings	
Singapore	Boise	
Singapore	Boston	
Singapore	Bozeman	
Singapore	Buffalo	
Singapore	Charleston	
Singapore	Charlotte	
Singapore	Chicago	
Singapore	Cincinnati	
Singapore	Cleveland	
Singapore	Columbus	
Singapore	Dallas	
Singapore	Denver	
Singapore	Des Moines	
Singapore	Detroit	
Singapore	Eugene	
Singapore	Fort Collins	
Singapore	Fort Lauderdale	
Singapore	Fort Myers	
Singapore	Grand Junction	
Singapore	Grand Rapids	
Singapore	Great Falls	
Singapore	Greenville	
Singapore	Gulfport	
Singapore	Gunnison	
Singapore	Hartford	
Singapore	Helena	
Singapore	Honolulu	
Singapore	Houston	
Singapore	Idaho Falls	
Singapore	Indianapolis	
Singapore	Jackson	
Singapore	Jacksonville	
Singapore	Kalispell	
Singapore	Kansas City	
Singapore	Knoxville	
Singapore	Las Vegas	
Singapore	Little Rock	
Singapore	Los Angeles	
Singapore	Louisville	
Singapore	Medford	
Singapore	Memphis	
Singapore	Miami	
Singapore	Milwaukee	
Singapore	Minneapolis	
Singapore	Missoula	
Singapore	Montrose	
Singapore	Nashville	
Singapore	New Orleans	
Singapore	Norfolk	
Singapore	Oklahoma City	
Singapore	Omaha	
Singapore	Ontario	
Singapore	Orlando	
Singapore	Palm Springs	
Singapore	Pasco	
Singapore	Peoria	
Singapore	Philadelphia	
Singapore	Phoenix	
Singapore	Pittsburgh	
Singapore	Providence	
Singapore	Raleigh	
Singapore	Reno	
Singapore	Rochester	
Singapore	Sacramento	
Singapore	Saint Louis	
Singapore	Salt Lake City	
Singapore	San Antonio	
Singapore	San Diego	
Singapore	San Francisco	
Singapore	San Jose	
Singapore	San Juan	
Singapore	Santa Barbara	
Singapore	Seattle	
Singapore	Spokane	
Singapore	Springfield	
Singapore	Steamboat Springs	
Singapore	Sun Valley	
Singapore	Tampa	
Singapore	Tucson	
Singapore	Vail	
Singapore	Washington, D.C.	
Singapore	West Palm Beach	
Sydney	Akron	
Sydney	Albuquerque	
Sydney	Aspen	
Sydney	Atlanta	
Sydney	Austin	
Sydney	Baltimore	
Sydney	Billings	
Sydney	Boise	
Sydney	Boston	
Sydney	Bozeman	
Sydney	Buffalo	
Sydney	Charlotte	
Sydney	Chicago	
Sydney	Cincinnati	
Sydney	Cleveland	
Sydney	Colorado Springs	
Sydney	Columbus	
Sydney	Corpus Christi	
Sydney	Dallas	
Sydney	Denver	
Sydney	Des Moines	
Sydney	Detroit	
Sydney	Eugene	
Sydney	Fargo	
Sydney	Fort Collins	
Sydney	Fort Lauderdale	
Sydney	Fort Myers	
Sydney	Grand Rapids	
Sydney	Gunnison	
Sydney	Hartford	
Sydney	Honolulu	
Sydney	Houston	
Sydney	Indianapolis	
Sydney	Ithaca	
Sydney	Jackson	
Sydney	Jacksonville	
Sydney	Kansas City	
Sydney	Las Vegas	
Sydney	Lexington	
Sydney	Los Angeles	
Sydney	Louisville	
Sydney	Maui	
Sydney	Medford	
Sydney	Memphis	
Sydney	Miami	
Sydney	Milwaukee	
Sydney	Minneapolis	
Sydney	Monterey	
Sydney	Montrose	
Sydney	Nashville	
Sydney	New Orleans	
Sydney	Norfolk	
Sydney	Oklahoma City	
Sydney	Omaha	
Sydney	Orlando	
Sydney	Panama City	
Sydney	Peoria	
Sydney	Philadelphia	
Sydney	Phoenix	
Sydney	Pittsburgh	
Sydney	Providence	
Sydney	Raleigh	
Sydney	Redding	
Sydney	Reno	
Sydney	Richmond	
Sydney	Rochester	
Sydney	Sacramento	
Sydney	Saint Louis	
Sydney	Salt Lake City	
Sydney	San Antonio	
Sydney	San Diego	
Sydney	San Francisco	
Sydney	San Jose	
Sydney	San Juan	
Sydney	San Luis Obispo	
Sydney	Santa Barbara	
Sydney	Seattle	
Sydney	Spokane	
Sydney	State College	
Sydney	Steamboat Springs	
Sydney	Tampa	
Sydney	Tucson	
Sydney	Vail	
Sydney	Washington, D.C.	
Sydney	West Palm Beach	
Taipei	Agana, Guam	
Taipei	Albuquerque	
Taipei	Anchorage	
Taipei	Aspen	
Taipei	Atlanta	
Taipei	Austin	
Taipei	Baltimore	
Taipei	Baton Rouge	
Taipei	Billings	
Taipei	Boise	
Taipei	Boston	
Taipei	Bozeman	
Taipei	Buffalo	
Taipei	Burbank	
Taipei	Cedar Rapids	
Taipei	Charlotte	
Taipei	Chicago	
Taipei	Cincinnati	
Taipei	Cleveland	
Taipei	Colorado Springs	
Taipei	Columbia	
Taipei	Columbus	
Taipei	Dallas	
Taipei	Dayton	
Taipei	Denver	
Taipei	Detroit	
Taipei	Eugene	
Taipei	Fayetteville	
Taipei	Fort Collins	
Taipei	Fort Lauderdale	
Taipei	Fort Myers	
Taipei	Great Falls	
Taipei	Greensboro	
Taipei	Gunnison	
Taipei	Hartford	
Taipei	Helena	
Taipei	Honolulu	
Taipei	Houston	
Taipei	Idaho Falls	
Taipei	Indianapolis	
Taipei	Jackson	
Taipei	Kalispell	
Taipei	Kansas City	
Taipei	Knoxville	
Taipei	Las Vegas	
Taipei	Lincoln	
Taipei	Los Angeles	
Taipei	Louisville	
Taipei	Madison	
Taipei	Memphis	
Taipei	Miami	
Taipei	Minneapolis	
Taipei	Missoula	
Taipei	Montrose	
Taipei	Nashville	
Taipei	New Orleans	
Taipei	Norfolk	
Taipei	Oklahoma City	
Taipei	Omaha	
Taipei	Ontario	
Taipei	Orlando	
Taipei	Palm Springs	
Taipei	Peoria	
Taipei	Philadelphia	
Taipei	Phoenix	
Taipei	Pittsburgh	
Taipei	Providence	
Taipei	Raleigh	
Taipei	Rapid City	
Taipei	Redding	
Taipei	Reno	
Taipei	Roanoke	
Taipei	Sacramento	
Taipei	Saint Louis	
Taipei	Salt Lake City	
Taipei	San Antonio	
Taipei	San Diego	
Taipei	San Francisco	
Taipei	San Jose	
Taipei	Santa Barbara	
Taipei	Seattle	
Taipei	Spokane	
Taipei	State College	
Taipei	Steamboat Springs	
Taipei	Sun Valley	
Taipei	Tampa	
Taipei	Tucson	
Taipei	Vail	
Taipei	Washington, D.C.	
Taipei	West Palm Beach	
Taipei	Wichita	
Tehran	Los Angeles	
Tehran	San Francisco	
Tel Aviv	Aspen	
Tel Aviv	Atlanta	
Tel Aviv	Austin	
Tel Aviv	Baltimore	
Tel Aviv	Billings	
Tel Aviv	Boise	
Tel Aviv	Boston	
Tel Aviv	Bozeman	
Tel Aviv	Buffalo	
Tel Aviv	Burbank	
Tel Aviv	Charlotte	
Tel Aviv	Chicago	
Tel Aviv	Cincinnati	
Tel Aviv	Cleveland	
Tel Aviv	Columbus	
Tel Aviv	Dallas	
Tel Aviv	Denver	
Tel Aviv	Detroit	
Tel Aviv	Eugene	
Tel Aviv	Flint	
Tel Aviv	Fort Collins	
Tel Aviv	Fort Lauderdale	
Tel Aviv	Fort Myers	
Tel Aviv	Great Falls	
Tel Aviv	Gunnison	
Tel Aviv	Hartford	
Tel Aviv	Helena	
Tel Aviv	Honolulu	
Tel Aviv	Houston	
Tel Aviv	Idaho Falls	
Tel Aviv	Indianapolis	
Tel Aviv	Jackson	
Tel Aviv	Kalispell	
Tel Aviv	Kansas City	
Tel Aviv	Knoxville	
Tel Aviv	Lake Charles	
Tel Aviv	Las Vegas	
Tel Aviv	Los Angeles	
Tel Aviv	Madison	
Tel Aviv	Maui	
Tel Aviv	Memphis	
Tel Aviv	Miami	
Tel Aviv	Milwaukee	
Tel Aviv	Minneapolis	
Tel Aviv	Missoula	
Tel Aviv	Montrose	
Tel Aviv	Nashville	
Tel Aviv	New Orleans	
Tel Aviv	Norfolk	
Tel Aviv	Oklahoma City	
Tel Aviv	Omaha	
Tel Aviv	Ontario	
Tel Aviv	Orlando	
Tel Aviv	Panama City	
Tel Aviv	Pensacola	
Tel Aviv	Philadelphia	
Tel Aviv	Phoenix	
Tel Aviv	Pittsburgh	
Tel Aviv	Raleigh	
Tel Aviv	Rochester	
Tel Aviv	Sacramento	
Tel Aviv	Saint Louis	
Tel Aviv	Salt Lake City	
Tel Aviv	San Antonio	
Tel Aviv	San Diego	
Tel Aviv	San Francisco	
Tel Aviv	San Jose	
Tel Aviv	Santa Barbara	
Tel Aviv	Seattle	
Tel Aviv	Spokane	
Tel Aviv	Steamboat Springs	
Tel Aviv	Sun Valley	
Tel Aviv	Tampa	
Tel Aviv	Vail	
Tel Aviv	Washington, D.C.	
Tel Aviv	West Palm Beach	
Tel Aviv	Wichita	
Tokyo	Agana, Guam	
Tokyo	Albany	
Tokyo	Albuquerque	
Tokyo	Amarillo	
Tokyo	Aspen	
Tokyo	Atlanta	
Tokyo	Austin	
Tokyo	Baltimore	
Tokyo	Bangor	
Tokyo	Baton Rouge	
Tokyo	Billings	
Tokyo	Boise	
Tokyo	Boston	
Tokyo	Bozeman	
Tokyo	Buffalo	
Tokyo	Burlington	
Tokyo	Casper	
Tokyo	Cedar Rapids	
Tokyo	Charleston	
Tokyo	Charlotte	
Tokyo	Chicago	
Tokyo	Cincinnati	
Tokyo	Cleveland	
Tokyo	Colorado Springs	
Tokyo	Columbus	
Tokyo	Dallas	
Tokyo	Dayton	
Tokyo	Denver	
Tokyo	Des Moines	
Tokyo	Detroit	
Tokyo	Eugene	
Tokyo	Fort Collins	
Tokyo	Fort Lauderdale	
Tokyo	Fort Myers	
Tokyo	Fresno	
Tokyo	Great Falls	
Tokyo	Greensboro	
Tokyo	Gunnison	
Tokyo	Hancock	
Tokyo	Hartford	
Tokyo	Helena	
Tokyo	Honolulu	
Tokyo	Houston	
Tokyo	Idaho Falls	
Tokyo	Indianapolis	
Tokyo	Jackson	
Tokyo	Jacksonville	
Tokyo	Kalispell	
Tokyo	Kansas City	
Tokyo	Knoxville	
Tokyo	Las Vegas	
Tokyo	Lexington	
Tokyo	Lihue	
Tokyo	Lincoln	
Tokyo	Little Rock	
Tokyo	Los Angeles	
Tokyo	Louisville	
Tokyo	Maui	
Tokyo	Memphis	
Tokyo	Miami	
Tokyo	Milwaukee	
Tokyo	Minneapolis	
Tokyo	Missoula	
Tokyo	Moline	
Tokyo	Monterey	
Tokyo	Montrose	
Tokyo	Nashville	
Tokyo	New Orleans	
Tokyo	Norfolk	
Tokyo	Oklahoma City	
Tokyo	Omaha	
Tokyo	Ontario	
Tokyo	Orlando	
Tokyo	Panama City	
Tokyo	Philadelphia	
Tokyo	Phoenix	
Tokyo	Pittsburgh	
Tokyo	Providence	
Tokyo	Raleigh	
Tokyo	Reno	
Tokyo	Richmond	
Tokyo	Sacramento	
Tokyo	Saint Louis	
Tokyo	Saipan	
Tokyo	Salt Lake City	
Tokyo	San Antonio	
Tokyo	San Diego	
Tokyo	San Francisco	
Tokyo	San Jose	
Tokyo	San Juan	
Tokyo	Santa Barbara	
Tokyo	Seattle	
Tokyo	South Bend	
Tokyo	Spokane	
Tokyo	State College	
Tokyo	Steamboat Springs	
Tokyo	Sun Valley	
Tokyo	Tampa	
Tokyo	Tucson	
Tokyo	Vail	
Tokyo	Washington, D.C.	
Tokyo	West Palm Beach	
Wellington	Chicago	
Wellington	Denver	
Wellington	Houston	
Wellington	Los Angeles	
Wellington	San Francisco	
Yap	Agana, Guam	
Yap	Los Angeles	
Yap	Washington, D.C.